<?xml version="1.0" encoding="UTF-8"?>
<jcr:root 
    xmlns:sling="http://sling.apache.org/jcr/sling/1.0" 
    xmlns:cq="http://www.day.com/jcr/cq/1.0"
    jcr:primaryType="nt:unstructured"
    sling:resourceType="cq/gui/components/authoring/dialog"
    jcr:title="News Room Page Properties">
    <content jcr:primaryType="nt:unstructured"
        sling:resourceType="granite/ui/components/coral/foundation/fixedcolumns">
        <items jcr:primaryType="nt:unstructured">
            <column jcr:primaryType="nt:unstructured"
                sling:resourceType="granite/ui/components/coral/foundation/container">
                <items jcr:primaryType="nt:unstructured">
                    <ogTitle jcr:primaryType="nt:unstructured"
                        sling:resourceType="granite/ui/components/coral/foundation/form/textfield"
                        fieldLabel="OG Title"
                        name="./ogTitle"/>
                    <ogDescription jcr:primaryType="nt:unstructured"
                        sling:resourceType="granite/ui/components/coral/foundation/form/textarea"
                        fieldLabel="OG Description"
                        name="./ogDescription"/>
                    <ogImage jcr:primaryType="nt:unstructured"
                        sling:resourceType="granite/ui/components/coral/foundation/form/pathfield"
                        fieldLabel="OG Image"
                        name="./ogImage"/>
                </items>
            </column>
        </items>
    </content>
</jcr:root>
