<?xml version="1.0" encoding="UTF-8"?>
<jcr:root xmlns:sling="http://sling.apache.org/jcr/sling/1.0"
          xmlns:cq="http://www.day.com/jcr/cq/1.0"
          xmlns:jcr="http://www.jcp.org/jcr/1.0"
          jcr:primaryType="nt:unstructured"
          jcr:title="Global Properties"
          sling:resourceType="cq/gui/components/authoring/dialog">

    <content jcr:primaryType="nt:unstructured"
             sling:resourceType="granite/ui/components/coral/foundation/tabs">
        <items jcr:primaryType="nt:unstructured">
            
            <!-- OG Metadata Tab -->
            <globalProperties jcr:primaryType="nt:unstructured"
                              jcr:title="Global Properties"
                              sling:resourceType="granite/ui/components/coral/foundation/container">
                <items jcr:primaryType="nt:unstructured">

                    <ogTitle jcr:primaryType="nt:unstructured"
                             sling:resourceType="granite/ui/components/coral/foundation/form/textfield"
                             fieldLabel="OG Title"
                             name="./ogTitle"/>

                    <ogDescription jcr:primaryType="nt:unstructured"
                                   sling:resourceType="granite/ui/components/coral/foundation/form/textarea"
                                   fieldLabel="OG Description"
                                   name="./ogDescription"/>

                    <ogImage jcr:primaryType="nt:unstructured"
                             sling:resourceType="granite/ui/components/coral/foundation/form/fileupload"
                             fieldLabel="OG Image"
                             name="./ogImage"/>
                </items>
            </globalProperties>

            <!-- NEWS Configurations Tab -->
            <newsConfigurations jcr:primaryType="nt:unstructured"
                                jcr:title="NEWS Configurations"
                                sling:resourceType="granite/ui/components/coral/foundation/container">
                <items jcr:primaryType="nt:unstructured">

                    <defaultNewsImage jcr:primaryType="nt:unstructured"
                                      sling:resourceType="granite/ui/components/coral/foundation/form/fileupload"
                                      fieldLabel="Default News Image"
                                      name="./defaultNewsImage"
                                      allowUpload="{Boolean}true"
                                      multiple="{Boolean}false"/>

                    <readMoreCTA jcr:primaryType="nt:unstructured"
                                 sling:resourceType="granite/ui/components/coral/foundation/form/textfield"
                                 fieldLabel="Read More CTA Text"
                                 name="./readMoreCTA"
                                 emptyText="Read More"/>
                </items>
            </newsConfigurations>

        </items>
    </content>
</jcr:root>
