<?xml version="1.0" encoding="UTF-8"?>
<jcr:root xmlns:sling="http://sling.apache.org/jcr/sling/1.0"
          xmlns:cq="http://www.day.com/jcr/cq/1.0"
          xmlns:jcr="http://www.jcp.org/jcr/1.0"
          jcr:primaryType="nt:unstructured"
          jcr:title="Properties"
          sling:resourceType="cq/gui/components/authoring/dialog">
    <content jcr:primaryType="nt:unstructured"
             sling:resourceType="granite/ui/components/coral/foundation/fixedcolumns">
        <items jcr:primaryType="nt:unstructured">
            <column jcr:primaryType="nt:unstructured"
                    sling:resourceType="granite/ui/components/coral/foundation/container">
                <items jcr:primaryType="nt:unstructured">

                    <!-- Existing Fields -->
                    <text jcr:primaryType="nt:unstructured"
                          sling:resourceType="granite/ui/components/coral/foundation/form/textfield"
                          fieldLabel="Text"
                          name="./text"/>

                    <newsDetail jcr:primaryType="nt:unstructured"
                                sling:resourceType="granite/ui/components/coral/foundation/form/textarea"
                                fieldLabel="News Detail"
                                name="./newsDetail"
                                required="{Boolean}true"/>

                    <publishedDate jcr:primaryType="nt:unstructured"
                                   sling:resourceType="granite/ui/components/coral/foundation/form/datepicker"
                                   fieldLabel="Published Date"
                                   name="./publishedDate"
                                   type="datetime"/>

                    <!-- ✅ FIX: Simple Multifield Structure (No Composite) -->
                    <newsItems jcr:primaryType="nt:unstructured"
                               sling:resourceType="granite/ui/components/coral/foundation/form/multifield"
                               fieldLabel="News Sources">
                        <field jcr:primaryType="nt:unstructured"
                               sling:resourceType="granite/ui/components/coral/foundation/form/textfield"
                               fieldLabel="Source"
                               name="./source"/>
                    </newsItems>

                </items>
            </column>
        </items>
    </content>
    <cq:style jcr:primaryType="nt:unstructured"
          sling:resourceType="granite/ui/components/coral/foundation/select"
          fieldLabel="Choose a Style"
          name="./cq:style">
    <items jcr:primaryType="nt:unstructured">
        <default jcr:primaryType="nt:unstructured"
                 text="Default"
                 value="default"/>
        <highlighted jcr:primaryType="nt:unstructured"
                     text="Highlighted News"
                     value="highlighted"/>
        <bordered jcr:primaryType="nt:unstructured"
                  text="Bordered News"
                  value="bordered"/>
    </items>
</cq:style>

</jcr:root>
